StartDate,EndDate,Status,Progress,Duration (in seconds),Finished,RecordedDate,RecipientLastName,RecipientFirstName,RecipientEmail,ExternalReference,DistributionChannel,UserLanguage,Neuroticism_1,Neuroticism_2,NeedClosure1,NeedClosure2,NeedClosure3,NeedClosure4,NeedClosure5,NeedClosure6,NeedClosure7,NeedClosure8,NeedClosure9,NeedClosure10,NeedClosure11,NeedClosure12,NeedClosure13,NeedClosure14,NeedClosure15,PatternDevA_1,PatternDevA_2,PatternDevA_3,PatternDevB_1,PatternDevB_2,PatternDevB_3,PatternDevC_1,PatternDevC_2,PatternDevC_3,PatternDevD_1,PatternDevD_2,PatternDevD_3,PatternDevE_1,PatternDevE_2,PatternDevE_3,SocialDevA_1,SocialDevA_2,SocialDevA_3,SocialDevB_1,SocialDevB_2,SocialDevB_3,SocialDevC_1,SocialDevC_2,SocialDevC_3,SocialDevD_1,SocialDevD_2,SocialDevD_3,SocialDevE_1,SocialDevE_2,SocialDevE_3,AttentionCheck1,AttentionCheck2,AttentionCheck2_8_TEXT,Education,Income,EconomicOrientation,Age,SocialOrientation,Gender,Gender_3_TEXT,PoliticalOrientation,Q3_8_TEXT - Topics,FL_13_DO,FL_28_DO,FL_10_DO,FL_24_DO,"NeedforClosure(Roets,&VanHiel,2011)_DO"
Start Date,End Date,Response Type,Progress,Duration (in seconds),Finished,Recorded Date,Recipient Last Name,Recipient First Name,Recipient Email,External Data Reference,Distribution Channel,User Language,"I see myself as someone who... - Is relaxed, handles stress well",I see myself as someone who... - Gets nervous easily,I don't like situations that are uncertain.,"I
dislike questions which could be answered in many different ways.","I find that a well ordered life with regular hours suits my
  temperament.","I
feel uncomfortable when I don't understand the reason why an event occurred in
my life.","I
feel irritated when one person disagrees with what everyone else in a group
believes.","I
don't like to go into a situation without knowing what I can expect from it.","When I have made a decision, I feel relieved.","When I am confronted with a problem, Iâ€™m dying
to reach a solution very quickly.","I would quickly become impatient and irritated
if I would not find a solution to a problem immediately.","I
don't like to be with people who are capable of unexpected actions.","I
dislike it when a person's statement could mean many different things.",I find that establishing a consistent routine enables me to enjoy life more.,"I
enjoy having a clear and structured mode of life.","I
do not usually consult many different opinions before forming my own view.","I
dislike unpredictable situations.",The above image makes me... - Feel uncomfortable,The above image makes me... - Feel anxious,The above image makes me... - Feel annoyed,The above image makes me... - Feel uncomfortable,The above image makes me... - Feel anxious,The above image makes me... - Feel annoyed,The above image makes me... - Feel uncomfortable,The above image makes me... - Feel anxious,The above image makes me... - Feel annoyed,The above image makes me... - Feel uncomfortable,The above image makes me... - Feel anxious,The above image makes me... - Feel annoyed,The above image makes me... - Feel uncomfortable,The above image makes me... - Feel anxious,The above image makes me... - Feel annoyed,The above image makes me... - Feel uncomfortable,The above image makes me... - Feel anxious,The above image makes me... - Feel annoyed,The above image makes me... - Feel uncomfortable,The above image makes me... - Feel anxious,The above image makes me... - Feel annoyed,The above image makes me... - Feel uncomfortable,The above image makes me... - Feel anxious,The above image makes me... - Feel annoyed,The above image makes me... - Feel uncomfortable,The above image makes me... - Feel anxious,The above image makes me... - Feel annoyed,The above image makes me... - Feel uncomfortable,The above image makes me... - Feel anxious,The above image makes me... - Feel annoyed,I was focused while filling out this survey,"People vary in the amount they pay attention to these kinds of surveys. Some take them seriously and read each question, whereas others go very quickly and barely read the questions at all. If you have read this question carefully, please write the word yes in the blank box below labeled other. There is no need for you to respond to the scale below. - Selected Choice","People vary in the amount they pay attention to these kinds of surveys. Some take them seriously and read each question, whereas others go very quickly and barely read the questions at all. If you have read this question carefully, please write the word yes in the blank box below labeled other. There is no need for you to respond to the scale below. - Other - Text",What is your level of education?,What is your income?,"In terms of economic issues, how liberal or conservative are you?",What is your age?,"In terms of social and cultural issues, how liberal or conservative are you?",What is your gender? - Selected Choice,What is your gender? - Other - Text,Where on the following scale of political orientation would you place yourself?,Q3_8_TEXT - Topics,FL_13 - Block Randomizer - Display Order,FL_28 - Block Randomizer - Display Order,FL_10 - Block Randomizer - Display Order,FL_24 - Block Randomizer - Display Order,"Need for Closure (Roets, & Van Hiel, 2011) - Display Order"
"{""ImportId"":""startDate"",""timeZone"":""America/Denver""}","{""ImportId"":""endDate"",""timeZone"":""America/Denver""}","{""ImportId"":""status""}","{""ImportId"":""progress""}","{""ImportId"":""duration""}","{""ImportId"":""finished""}","{""ImportId"":""recordedDate"",""timeZone"":""America/Denver""}","{""ImportId"":""recipientLastName""}","{""ImportId"":""recipientFirstName""}","{""ImportId"":""recipientEmail""}","{""ImportId"":""externalDataReference""}","{""ImportId"":""distributionChannel""}","{""ImportId"":""userLanguage""}","{""ImportId"":""QID40_1""}","{""ImportId"":""QID40_2""}","{""ImportId"":""QID23""}","{""ImportId"":""QID24""}","{""ImportId"":""QID25""}","{""ImportId"":""QID26""}","{""ImportId"":""QID27""}","{""ImportId"":""QID28""}","{""ImportId"":""QID29""}","{""ImportId"":""QID30""}","{""ImportId"":""QID31""}","{""ImportId"":""QID34""}","{""ImportId"":""QID35""}","{""ImportId"":""QID36""}","{""ImportId"":""QID37""}","{""ImportId"":""QID38""}","{""ImportId"":""QID39""}","{""ImportId"":""QID11_1""}","{""ImportId"":""QID11_2""}","{""ImportId"":""QID11_3""}","{""ImportId"":""QID12_1""}","{""ImportId"":""QID12_2""}","{""ImportId"":""QID12_3""}","{""ImportId"":""QID13_1""}","{""ImportId"":""QID13_2""}","{""ImportId"":""QID13_3""}","{""ImportId"":""QID14_1""}","{""ImportId"":""QID14_2""}","{""ImportId"":""QID14_3""}","{""ImportId"":""QID15_1""}","{""ImportId"":""QID15_2""}","{""ImportId"":""QID15_3""}","{""ImportId"":""QID17_1""}","{""ImportId"":""QID17_2""}","{""ImportId"":""QID17_3""}","{""ImportId"":""QID18_1""}","{""ImportId"":""QID18_2""}","{""ImportId"":""QID18_3""}","{""ImportId"":""QID19_1""}","{""ImportId"":""QID19_2""}","{""ImportId"":""QID19_3""}","{""ImportId"":""QID20_1""}","{""ImportId"":""QID20_2""}","{""ImportId"":""QID20_3""}","{""ImportId"":""QID21_1""}","{""ImportId"":""QID21_2""}","{""ImportId"":""QID21_3""}","{""ImportId"":""QID2""}","{""ImportId"":""QID3""}","{""ImportId"":""QID3_8_TEXT""}","{""ImportId"":""QID9""}","{""ImportId"":""QID8""}","{""ImportId"":""QID5""}","{""ImportId"":""QID41_TEXT""}","{""ImportId"":""QID6""}","{""ImportId"":""QID42""}","{""ImportId"":""QID42_3_TEXT""}","{""ImportId"":""QID4""}","{""ImportId"":""QID3_8_TEXT_69e2487ba6894fe892e6993cTopics""}","{""ImportId"":""FL_13_DO""}","{""ImportId"":""FL_28_DO""}","{""ImportId"":""FL_10_DO""}","{""ImportId"":""FL_24_DO""}","{""ImportId"":""BL_aabWb8nSOxRhyND_DO""}"
11/30/18 16:18,11/30/18 16:20,0,100,118,1,11/30/18 16:20,,,,,anonymous,EN,4,4,5,4,5,4,5,3,4,4,4,3,5,5,3,5,3,6,5,6,3,2,3,2,2,3,6,6,6,3,2,3,4,3,3,7,7,7,3,3,3,3,5,3,6,5,6,7,8,yes,4,2,5,29,5,1,,5,,"NeedforClosure(Roets,&VanHiel,2011)|Neuroticism(Rammstedt&John,2007)",FL_24|FL_10,PatternDeviancyAversionD|PatternDeviancyAversionA|PatternDeviancyAversionC|PatternDeviancyAversionE|PatternDeviancyAversionB,SocialDeviancyAversionD|SocialDeviancyAversionA|SocialDeviancyAversionC|SocialDeviancyAversionE|SocialDeviancyAversionB,NeedClosure1|NeedClosure2|NeedClosure15|NeedClosure7|NeedClosure9|NeedClosure6|NeedClosure5|NeedClosure11|NeedClosure13|NeedClosure12|NeedClosure10|NeedClosure8|NeedClosure4|NeedClosure3|NeedClosure14
11/30/18 16:18,11/30/18 16:21,0,100,182,1,11/30/18 16:21,,,,,anonymous,EN,5,4,5,4,4,5,5,6,6,6,6,6,5,4,4,6,6,1,1,3,1,1,2,1,1,3,1,1,2,1,1,2,1,1,1,6,3,1,2,1,1,1,1,1,3,1,1,7,8,Yes,3,3,9,30,9,2,,9,,"NeedforClosure(Roets,&VanHiel,2011)|Neuroticism(Rammstedt&John,2007)",FL_24|FL_10,PatternDeviancyAversionD|PatternDeviancyAversionE|PatternDeviancyAversionC|PatternDeviancyAversionA|PatternDeviancyAversionB,SocialDeviancyAversionD|SocialDeviancyAversionE|SocialDeviancyAversionA|SocialDeviancyAversionC|SocialDeviancyAversionB,NeedClosure15|NeedClosure8|NeedClosure2|NeedClosure4|NeedClosure3|NeedClosure5|NeedClosure12|NeedClosure6|NeedClosure9|NeedClosure11|NeedClosure13|NeedClosure7|NeedClosure1|NeedClosure10|NeedClosure14
11/30/18 16:18,11/30/18 16:21,0,100,197,1,11/30/18 16:21,,,,,anonymous,EN,5,2,6,6,6,5,2,6,1,5,2,6,6,6,6,2,6,1,1,1,1,1,1,1,1,1,1,1,1,1,1,1,1,1,1,3,1,1,4,1,1,1,1,1,4,1,3,7,8,yes,4,3,9,45,9,2,,9,,"Neuroticism(Rammstedt&John,2007)|NeedforClosure(Roets,&VanHiel,2011)",FL_10|FL_24,PatternDeviancyAversionC|PatternDeviancyAversionD|PatternDeviancyAversionB|PatternDeviancyAversionE|PatternDeviancyAversionA,SocialDeviancyAversionD|SocialDeviancyAversionA|SocialDeviancyAversionB|SocialDeviancyAversionC|SocialDeviancyAversionE,NeedClosure6|NeedClosure15|NeedClosure12|NeedClosure13|NeedClosure7|NeedClosure14|NeedClosure9|NeedClosure10|NeedClosure4|NeedClosure3|NeedClosure2|NeedClosure1|NeedClosure8|NeedClosure5|NeedClosure11
11/30/18 16:19,11/30/18 16:21,0,100,169,1,11/30/18 16:21,,,,,anonymous,EN,5,3,4,3,5,4,1,2,4,5,4,4,4,4,4,1,4,1,1,1,1,1,1,1,1,1,1,1,1,4,1,4,1,1,1,1,1,1,1,1,1,1,1,1,1,1,1,7,8,yes,2,2,4,30,4,1,,4,,"Neuroticism(Rammstedt&John,2007)|NeedforClosure(Roets,&VanHiel,2011)",FL_24|FL_10,PatternDeviancyAversionA|PatternDeviancyAversionC|PatternDeviancyAversionE|PatternDeviancyAversionD|PatternDeviancyAversionB,SocialDeviancyAversionC|SocialDeviancyAversionD|SocialDeviancyAversionA|SocialDeviancyAversionE|SocialDeviancyAversionB,NeedClosure9|NeedClosure10|NeedClosure12|NeedClosure6|NeedClosure13|NeedClosure7|NeedClosure2|NeedClosure4|NeedClosure11|NeedClosure5|NeedClosure8|NeedClosure3|NeedClosure14|NeedClosure15|NeedClosure1
11/30/18 16:18,11/30/18 16:21,0,100,197,1,11/30/18 16:21,,,,,anonymous,EN,2,5,6,5,5,5,5,6,6,5,5,6,5,5,5,4,5,1,5,1,1,1,1,1,1,1,1,1,1,1,1,1,1,1,1,7,1,7,5,2,6,6,1,7,4,1,5,7,8,yes,6,2,2,32,2,2,,2,,"NeedforClosure(Roets,&VanHiel,2011)|Neuroticism(Rammstedt&John,2007)",FL_10|FL_24,PatternDeviancyAversionE|PatternDeviancyAversionA|PatternDeviancyAversionD|PatternDeviancyAversionC|PatternDeviancyAversionB,SocialDeviancyAversionD|SocialDeviancyAversionA|SocialDeviancyAversionC|SocialDeviancyAversionE|SocialDeviancyAversionB,NeedClosure4|NeedClosure9|NeedClosure6|NeedClosure10|NeedClosure8|NeedClosure1|NeedClosure11|NeedClosure12|NeedClosure2|NeedClosure15|NeedClosure7|NeedClosure13|NeedClosure14|NeedClosure5|NeedClosure3
11/30/18 16:19,11/30/18 16:22,0,100,168,1,11/30/18 16:22,,,,,anonymous,EN,5,1,3,2,5,2,2,4,4,5,4,4,2,4,5,5,3,1,1,1,1,1,1,1,1,1,1,1,1,1,1,1,1,1,1,6,1,4,3,1,1,1,1,1,1,1,1,7,8,yes,5,3,4,23,4,1,,3,,"Neuroticism(Rammstedt&John,2007)|NeedforClosure(Roets,&VanHiel,2011)",FL_24|FL_10,PatternDeviancyAversionD|PatternDeviancyAversionC|PatternDeviancyAversionE|PatternDeviancyAversionB|PatternDeviancyAversionA,SocialDeviancyAversionB|SocialDeviancyAversionE|SocialDeviancyAversionD|SocialDeviancyAversionC|SocialDeviancyAversionA,NeedClosure11|NeedClosure10|NeedClosure12|NeedClosure8|NeedClosure9|NeedClosure15|NeedClosure7|NeedClosure13|NeedClosure4|NeedClosure6|NeedClosure2|NeedClosure14|NeedClosure5|NeedClosure3|NeedClosure1
11/30/18 16:18,11/30/18 16:22,0,100,224,1,11/30/18 16:22,,,,,anonymous,EN,5,1,6,1,6,6,1,6,6,6,6,6,1,6,6,1,6,1,1,1,1,1,1,1,1,1,1,1,1,1,1,1,1,1,1,7,1,1,7,1,1,7,1,1,1,1,1,7,8,yes,5,2,1,26,1,1,,1,,"NeedforClosure(Roets,&VanHiel,2011)|Neuroticism(Rammstedt&John,2007)",FL_24|FL_10,PatternDeviancyAversionA|PatternDeviancyAversionC|PatternDeviancyAversionB|PatternDeviancyAversionE|PatternDeviancyAversionD,SocialDeviancyAversionD|SocialDeviancyAversionA|SocialDeviancyAversionE|SocialDeviancyAversionC|SocialDeviancyAversionB,NeedClosure7|NeedClosure11|NeedClosure14|NeedClosure5|NeedClosure13|NeedClosure12|NeedClosure3|NeedClosure6|NeedClosure10|NeedClosure8|NeedClosure15|NeedClosure4|NeedClosure9|NeedClosure1|NeedClosure2
11/30/18 16:21,11/30/18 16:22,0,100,87,1,11/30/18 16:22,,,,,anonymous,EN,4,2,5,5,4,5,3,5,5,4,4,3,5,4,5,4,6,1,1,1,1,1,1,1,1,1,1,1,1,1,1,1,1,1,1,7,7,7,7,7,7,7,7,7,6,6,6,7,8,yes,5,3,2,32,3,1,,2,,"Neuroticism(Rammstedt&John,2007)|NeedforClosure(Roets,&VanHiel,2011)",FL_24|FL_10,PatternDeviancyAversionB|PatternDeviancyAversionC|PatternDeviancyAversionE|PatternDeviancyAversionD|PatternDeviancyAversionA,SocialDeviancyAversionE|SocialDeviancyAversionC|SocialDeviancyAversionB|SocialDeviancyAversionA|SocialDeviancyAversionD,NeedClosure8|NeedClosure1|NeedClosure13|NeedClosure15|NeedClosure6|NeedClosure12|NeedClosure4|NeedClosure9|NeedClosure2|NeedClosure11|NeedClosure14|NeedClosure10|NeedClosure5|NeedClosure7|NeedClosure3
11/30/18 16:18,11/30/18 16:22,0,100,260,1,11/30/18 16:22,,,,,anonymous,EN,2,4,5,3,6,4,5,6,4,4,3,5,4,6,5,2,5,2,2,7,1,1,1,1,1,6,2,2,7,2,2,7,2,2,1,5,5,3,5,2,6,4,3,6,4,2,5,7,8,yes,3,2,1,38,1,2,,1,,"NeedforClosure(Roets,&VanHiel,2011)|Neuroticism(Rammstedt&John,2007)",FL_24|FL_10,PatternDeviancyAversionE|PatternDeviancyAversionB|PatternDeviancyAversionC|PatternDeviancyAversionA|PatternDeviancyAversionD,SocialDeviancyAversionC|SocialDeviancyAversionA|SocialDeviancyAversionB|SocialDeviancyAversionD|SocialDeviancyAversionE,NeedClosure5|NeedClosure12|NeedClosure11|NeedClosure8|NeedClosure13|NeedClosure14|NeedClosure6|NeedClosure7|NeedClosure4|NeedClosure2|NeedClosure9|NeedClosure3|NeedClosure10|NeedClosure1|NeedClosure15
11/30/18 16:21,11/30/18 16:23,0,100,114,1,11/30/18 16:23,,,,,anonymous,EN,5,1,1,1,6,1,1,1,6,6,1,1,1,6,6,1,1,1,1,1,1,1,1,1,1,1,4,4,4,1,1,1,1,1,1,1,1,1,7,7,7,6,6,6,7,7,7,7,8,yes,2,1,1,29,1,2,,1,,"Neuroticism(Rammstedt&John,2007)|NeedforClosure(Roets,&VanHiel,2011)",FL_10|FL_24,PatternDeviancyAversionE|PatternDeviancyAversionC|PatternDeviancyAversionA|PatternDeviancyAversionD|PatternDeviancyAversionB,SocialDeviancyAversionE|SocialDeviancyAversionC|SocialDeviancyAversionD|SocialDeviancyAversionA|SocialDeviancyAversionB,NeedClosure1|NeedClosure5|NeedClosure14|NeedClosure9|NeedClosure4|NeedClosure2|NeedClosure13|NeedClosure12|NeedClosure10|NeedClosure3|NeedClosure6|NeedClosure7|NeedClosure15|NeedClosure8|NeedClosure11
11/30/18 16:18,11/30/18 16:23,0,100,323,1,11/30/18 16:23,,,,,anonymous,EN,5,1,4,3,5,3,4,4,4,3,2,3,3,5,5,2,3,1,1,1,1,1,1,1,1,1,2,1,3,2,2,3,1,1,1,5,4,1,6,3,2,5,3,3,2,2,1,7,8,yes,5,3,5,42,4,1,,4,,"NeedforClosure(Roets,&VanHiel,2011)|Neuroticism(Rammstedt&John,2007)",FL_24|FL_10,PatternDeviancyAversionC|PatternDeviancyAversionA|PatternDeviancyAversionE|PatternDeviancyAversionD|PatternDeviancyAversionB,SocialDeviancyAversionA|SocialDeviancyAversionB|SocialDeviancyAversionE|SocialDeviancyAversionC|SocialDeviancyAversionD,NeedClosure7|NeedClosure12|NeedClosure1|NeedClosure10|NeedClosure2|NeedClosure6|NeedClosure13|NeedClosure8|NeedClosure15|NeedClosure14|NeedClosure5|NeedClosure3|NeedClosure4|NeedClosure11|NeedClosure9
11/30/18 16:21,11/30/18 16:24,0,100,156,1,11/30/18 16:24,,,,,anonymous,EN,5,1,2,1,6,1,1,2,4,5,1,2,1,6,6,7,2,1,1,1,1,1,1,1,1,1,1,1,1,1,1,1,1,1,1,6,4,1,2,1,1,6,2,1,1,1,1,7,8,yes,2,1,4,28,4,1,,4,,"Neuroticism(Rammstedt&John,2007)|NeedforClosure(Roets,&VanHiel,2011)",FL_10|FL_24,PatternDeviancyAversionD|PatternDeviancyAversionE|PatternDeviancyAversionB|PatternDeviancyAversionA|PatternDeviancyAversionC,SocialDeviancyAversionC|SocialDeviancyAversionB|SocialDeviancyAversionE|SocialDeviancyAversionD|SocialDeviancyAversionA,NeedClosure2|NeedClosure6|NeedClosure10|NeedClosure15|NeedClosure12|NeedClosure11|NeedClosure1|NeedClosure7|NeedClosure8|NeedClosure14|NeedClosure13|NeedClosure5|NeedClosure4|NeedClosure3|NeedClosure9
11/30/18 16:18,11/30/18 16:24,0,100,348,1,11/30/18 16:24,,,,,anonymous,EN,4,2,5,3,5,3,3,5,4,4,2,4,3,5,4,7,5,3,2,5,2,3,1,1,2,2,1,1,1,1,1,5,2,1,1,2,2,1,5,1,3,6,2,3,3,3,1,7,8,yes,3,3,6,45,5,1,,5,,"Neuroticism(Rammstedt&John,2007)|NeedforClosure(Roets,&VanHiel,2011)",FL_10|FL_24,PatternDeviancyAversionA|PatternDeviancyAversionB|PatternDeviancyAversionD|PatternDeviancyAversionE|PatternDeviancyAversionC,SocialDeviancyAversionA|SocialDeviancyAversionB|SocialDeviancyAversionE|SocialDeviancyAversionC|SocialDeviancyAversionD,NeedClosure15|NeedClosure3|NeedClosure6|NeedClosure5|NeedClosure13|NeedClosure11|NeedClosure9|NeedClosure7|NeedClosure12|NeedClosure4|NeedClosure8|NeedClosure1|NeedClosure10|NeedClosure2|NeedClosure14
11/30/18 16:20,11/30/18 16:26,0,100,327,1,11/30/18 16:26,,,,,anonymous,EN,1,5,5,3,5,5,2,5,4,3,2,4,3,4,5,4,5,1,2,3,4,5,6,4,3,5,3,2,3,3,3,5,1,1,1,5,5,4,1,1,1,2,2,3,5,5,6,7,8,yes,5,3,3,56,3,1,,3,,"NeedforClosure(Roets,&VanHiel,2011)|Neuroticism(Rammstedt&John,2007)",FL_10|FL_24,PatternDeviancyAversionD|PatternDeviancyAversionC|PatternDeviancyAversionE|PatternDeviancyAversionA|PatternDeviancyAversionB,SocialDeviancyAversionD|SocialDeviancyAversionC|SocialDeviancyAversionB|SocialDeviancyAversionE|SocialDeviancyAversionA,NeedClosure7|NeedClosure13|NeedClosure3|NeedClosure2|NeedClosure12|NeedClosure9|NeedClosure11|NeedClosure8|NeedClosure6|NeedClosure1|NeedClosure5|NeedClosure4|NeedClosure15|NeedClosure10|NeedClosure14
11/30/18 16:22,11/30/18 16:26,0,100,207,1,11/30/18 16:26,,,,,anonymous,EN,4,5,6,6,5,5,5,6,5,5,5,4,4,6,6,4,5,5,6,7,5,6,7,6,7,6,6,7,6,6,7,6,6,7,6,6,7,6,6,7,6,6,7,6,6,5,7,7,8,yes,6,3,9,26,9,2,,9,,"Neuroticism(Rammstedt&John,2007)|NeedforClosure(Roets,&VanHiel,2011)",FL_24|FL_10,PatternDeviancyAversionB|PatternDeviancyAversionD|PatternDeviancyAversionA|PatternDeviancyAversionC|PatternDeviancyAversionE,SocialDeviancyAversionE|SocialDeviancyAversionB|SocialDeviancyAversionC|SocialDeviancyAversionA|SocialDeviancyAversionD,NeedClosure9|NeedClosure2|NeedClosure3|NeedClosure14|NeedClosure8|NeedClosure1|NeedClosure5|NeedClosure11|NeedClosure4|NeedClosure12|NeedClosure7|NeedClosure13|NeedClosure10|NeedClosure15|NeedClosure6
11/30/18 16:25,11/30/18 16:28,0,100,149,1,11/30/18 16:28,,,,,anonymous,EN,2,4,5,5,5,5,3,5,5,5,5,5,5,5,5,7,5,1,1,1,1,1,1,1,1,1,2,2,2,4,4,4,1,1,1,1,1,1,1,1,1,1,1,1,1,1,1,7,8,yes,2,1,5,26,5,1,,5,,"Neuroticism(Rammstedt&John,2007)|NeedforClosure(Roets,&VanHiel,2011)",FL_10|FL_24,PatternDeviancyAversionE|PatternDeviancyAversionC|PatternDeviancyAversionB|PatternDeviancyAversionA|PatternDeviancyAversionD,SocialDeviancyAversionE|SocialDeviancyAversionA|SocialDeviancyAversionB|SocialDeviancyAversionD|SocialDeviancyAversionC,NeedClosure8|NeedClosure6|NeedClosure5|NeedClosure1|NeedClosure2|NeedClosure7|NeedClosure13|NeedClosure3|NeedClosure10|NeedClosure4|NeedClosure12|NeedClosure11|NeedClosure9|NeedClosure15|NeedClosure14
11/30/18 16:25,11/30/18 16:29,0,100,212,1,11/30/18 16:29,,,,,anonymous,EN,1,5,3,3,2,2,2,3,4,4,4,2,3,3,2,5,3,3,2,3,1,2,1,2,3,2,3,2,2,2,1,2,1,1,1,1,1,1,1,1,1,2,2,3,1,1,1,7,8,yes,3,2,1,44,1,2,,1,,"NeedforClosure(Roets,&VanHiel,2011)|Neuroticism(Rammstedt&John,2007)",FL_10|FL_24,PatternDeviancyAversionE|PatternDeviancyAversionA|PatternDeviancyAversionB|PatternDeviancyAversionC|PatternDeviancyAversionD,SocialDeviancyAversionB|SocialDeviancyAversionD|SocialDeviancyAversionC|SocialDeviancyAversionA|SocialDeviancyAversionE,NeedClosure7|NeedClosure5|NeedClosure9|NeedClosure15|NeedClosure14|NeedClosure11|NeedClosure1|NeedClosure4|NeedClosure12|NeedClosure13|NeedClosure6|NeedClosure8|NeedClosure3|NeedClosure10|NeedClosure2
11/30/18 16:29,11/30/18 16:32,0,100,157,1,11/30/18 16:32,,,,,anonymous,EN,4,5,5,6,5,6,6,6,6,5,6,6,6,6,6,6,6,1,1,1,1,1,1,5,1,7,7,1,7,6,1,7,1,1,1,7,2,1,7,1,5,7,1,1,1,1,1,7,8,yes,2,3,5,22,5,1,,5,,"Neuroticism(Rammstedt&John,2007)|NeedforClosure(Roets,&VanHiel,2011)",FL_10|FL_24,PatternDeviancyAversionA|PatternDeviancyAversionE|PatternDeviancyAversionB|PatternDeviancyAversionC|PatternDeviancyAversionD,SocialDeviancyAversionD|SocialDeviancyAversionA|SocialDeviancyAversionC|SocialDeviancyAversionE|SocialDeviancyAversionB,NeedClosure9|NeedClosure1|NeedClosure7|NeedClosure11|NeedClosure6|NeedClosure12|NeedClosure10|NeedClosure3|NeedClosure13|NeedClosure5|NeedClosure4|NeedClosure14|NeedClosure8|NeedClosure15|NeedClosure2
11/30/18 16:20,11/30/18 16:32,0,100,713,1,11/30/18 16:32,,,,,anonymous,EN,2,4,5,4,5,5,3,5,3,4,4,5,4,5,5,7,5,1,1,1,1,1,1,1,1,5,4,1,4,1,1,1,1,1,1,3,3,2,4,2,1,3,1,6,7,4,1,7,8,yes,5,2,6,42,4,2,,6,,"Neuroticism(Rammstedt&John,2007)|NeedforClosure(Roets,&VanHiel,2011)",FL_10|FL_24,PatternDeviancyAversionD|PatternDeviancyAversionA|PatternDeviancyAversionB|PatternDeviancyAversionE|PatternDeviancyAversionC,SocialDeviancyAversionE|SocialDeviancyAversionB|SocialDeviancyAversionA|SocialDeviancyAversionC|SocialDeviancyAversionD,NeedClosure10|NeedClosure7|NeedClosure2|NeedClosure15|NeedClosure12|NeedClosure6|NeedClosure14|NeedClosure11|NeedClosure1|NeedClosure8|NeedClosure9|NeedClosure13|NeedClosure5|NeedClosure3|NeedClosure4
11/30/18 16:21,11/30/18 16:39,0,100,1056,1,11/30/18 16:39,,,,,anonymous,EN,4,2,5,4,6,4,4,5,6,5,5,4,5,6,6,7,5,1,1,1,1,1,1,3,3,2,1,3,1,2,2,3,1,1,1,6,7,1,6,5,1,5,3,2,3,4,1,7,8,yes,3,2,6,51,3,1,,4,,"NeedforClosure(Roets,&VanHiel,2011)|Neuroticism(Rammstedt&John,2007)",FL_24|FL_10,PatternDeviancyAversionB|PatternDeviancyAversionD|PatternDeviancyAversionE|PatternDeviancyAversionC|PatternDeviancyAversionA,SocialDeviancyAversionC|SocialDeviancyAversionB|SocialDeviancyAversionD|SocialDeviancyAversionE|SocialDeviancyAversionA,NeedClosure14|NeedClosure3|NeedClosure15|NeedClosure12|NeedClosure2|NeedClosure1|NeedClosure6|NeedClosure10|NeedClosure4|NeedClosure8|NeedClosure5|NeedClosure7|NeedClosure9|NeedClosure11|NeedClosure13
11/30/18 16:38,11/30/18 16:41,0,100,157,1,11/30/18 16:41,,,,,anonymous,EN,2,4,5,5,5,5,5,5,4,4,5,4,5,5,5,5,5,4,4,4,4,4,4,3,3,3,3,3,3,5,4,4,6,5,5,6,6,6,5,5,5,6,6,6,5,4,4,7,8,yes,4,3,5,34,5,2,,5,,"NeedforClosure(Roets,&VanHiel,2011)|Neuroticism(Rammstedt&John,2007)",FL_24|FL_10,PatternDeviancyAversionE|PatternDeviancyAversionC|PatternDeviancyAversionA|PatternDeviancyAversionD|PatternDeviancyAversionB,SocialDeviancyAversionC|SocialDeviancyAversionE|SocialDeviancyAversionA|SocialDeviancyAversionD|SocialDeviancyAversionB,NeedClosure7|NeedClosure13|NeedClosure2|NeedClosure12|NeedClosure8|NeedClosure11|NeedClosure14|NeedClosure5|NeedClosure10|NeedClosure3|NeedClosure9|NeedClosure1|NeedClosure4|NeedClosure15|NeedClosure6
11/30/18 16:36,11/30/18 16:41,0,100,280,1,11/30/18 16:41,,,,,anonymous,EN,4,1,1,1,1,2,1,3,1,1,1,1,2,3,1,7,1,1,1,1,2,1,1,1,1,1,1,1,1,1,1,1,1,1,1,3,1,1,5,1,1,1,1,1,1,1,1,,8,yes,5,3,5,,3,1,,3,,"NeedforClosure(Roets,&VanHiel,2011)|Neuroticism(Rammstedt&John,2007)",FL_24|FL_10,PatternDeviancyAversionD|PatternDeviancyAversionE|PatternDeviancyAversionA|PatternDeviancyAversionC|PatternDeviancyAversionB,SocialDeviancyAversionA|SocialDeviancyAversionD|SocialDeviancyAversionE|SocialDeviancyAversionB|SocialDeviancyAversionC,NeedClosure11|NeedClosure12|NeedClosure9|NeedClosure13|NeedClosure4|NeedClosure14|NeedClosure5|NeedClosure7|NeedClosure8|NeedClosure3|NeedClosure10|NeedClosure15|NeedClosure1|NeedClosure6|NeedClosure2
11/30/18 16:40,11/30/18 16:44,0,100,258,1,11/30/18 16:44,,,,,anonymous,EN,5,3,4,2,3,4,3,4,5,3,2,2,4,4,4,2,5,1,1,1,1,1,1,1,1,1,3,1,1,1,1,1,1,1,1,5,3,1,3,1,1,3,1,1,1,1,1,7,8,yes,6,3,5,27,5,1,,5,,"NeedforClosure(Roets,&VanHiel,2011)|Neuroticism(Rammstedt&John,2007)",FL_24|FL_10,PatternDeviancyAversionD|PatternDeviancyAversionA|PatternDeviancyAversionC|PatternDeviancyAversionB|PatternDeviancyAversionE,SocialDeviancyAversionA|SocialDeviancyAversionB|SocialDeviancyAversionD|SocialDeviancyAversionC|SocialDeviancyAversionE,NeedClosure9|NeedClosure14|NeedClosure15|NeedClosure7|NeedClosure13|NeedClosure3|NeedClosure8|NeedClosure12|NeedClosure2|NeedClosure4|NeedClosure5|NeedClosure10|NeedClosure6|NeedClosure1|NeedClosure11
11/30/18 16:42,11/30/18 16:45,0,100,178,1,11/30/18 16:45,,,,,anonymous,EN,5,1,5,3,3,6,2,5,5,2,2,3,4,3,4,2,5,1,1,1,1,1,1,1,1,1,2,2,2,1,1,1,2,1,1,5,3,3,4,3,3,5,3,3,5,5,5,7,8,yes,6,2,3,34,3,1,,3,,"NeedforClosure(Roets,&VanHiel,2011)|Neuroticism(Rammstedt&John,2007)",FL_24|FL_10,PatternDeviancyAversionA|PatternDeviancyAversionD|PatternDeviancyAversionB|PatternDeviancyAversionE|PatternDeviancyAversionC,SocialDeviancyAversionD|SocialDeviancyAversionE|SocialDeviancyAversionA|SocialDeviancyAversionC|SocialDeviancyAversionB,NeedClosure6|NeedClosure11|NeedClosure1|NeedClosure7|NeedClosure12|NeedClosure13|NeedClosure3|NeedClosure8|NeedClosure15|NeedClosure14|NeedClosure9|NeedClosure5|NeedClosure10|NeedClosure2|NeedClosure4
11/30/18 16:41,11/30/18 16:45,0,100,202,1,11/30/18 16:45,,,,,anonymous,EN,4,2,4,3,3,4,3,4,5,3,2,3,4,3,4,2,4,1,1,2,1,1,1,1,1,1,1,1,1,1,1,1,1,1,1,3,1,1,1,1,1,1,1,1,1,1,1,7,8,yes,5,1,1,33,1,2,,1,,"NeedforClosure(Roets,&VanHiel,2011)|Neuroticism(Rammstedt&John,2007)",FL_24|FL_10,PatternDeviancyAversionC|PatternDeviancyAversionD|PatternDeviancyAversionB|PatternDeviancyAversionA|PatternDeviancyAversionE,SocialDeviancyAversionD|SocialDeviancyAversionB|SocialDeviancyAversionA|SocialDeviancyAversionE|SocialDeviancyAversionC,NeedClosure7|NeedClosure1|NeedClosure3|NeedClosure12|NeedClosure11|NeedClosure6|NeedClosure14|NeedClosure10|NeedClosure9|NeedClosure8|NeedClosure13|NeedClosure15|NeedClosure4|NeedClosure2|NeedClosure5
11/30/18 16:41,11/30/18 16:45,0,100,273,1,11/30/18 16:45,,,,,anonymous,EN,4,1,5,5,6,4,2,4,1,2,1,5,5,6,6,1,5,1,1,1,1,1,1,1,1,1,1,1,2,2,1,2,1,1,1,5,2,2,1,1,1,5,1,1,5,1,1,7,8,yes,3,2,2,59,2,1,,2,,"NeedforClosure(Roets,&VanHiel,2011)|Neuroticism(Rammstedt&John,2007)",FL_24|FL_10,PatternDeviancyAversionB|PatternDeviancyAversionA|PatternDeviancyAversionD|PatternDeviancyAversionC|PatternDeviancyAversionE,SocialDeviancyAversionB|SocialDeviancyAversionE|SocialDeviancyAversionC|SocialDeviancyAversionA|SocialDeviancyAversionD,NeedClosure5|NeedClosure9|NeedClosure14|NeedClosure3|NeedClosure7|NeedClosure11|NeedClosure15|NeedClosure4|NeedClosure13|NeedClosure8|NeedClosure10|NeedClosure12|NeedClosure2|NeedClosure1|NeedClosure6
11/30/18 16:44,11/30/18 16:47,0,100,188,1,11/30/18 16:47,,,,,anonymous,EN,5,1,1,1,4,4,2,1,1,5,1,1,1,4,4,7,1,1,1,1,1,1,1,1,1,1,1,1,1,1,1,1,1,1,1,4,1,1,1,1,1,1,1,1,1,1,1,7,8,yes ,5,2,5,26,2,1,,3,,"Neuroticism(Rammstedt&John,2007)|NeedforClosure(Roets,&VanHiel,2011)",FL_24|FL_10,PatternDeviancyAversionB|PatternDeviancyAversionC|PatternDeviancyAversionA|PatternDeviancyAversionE|PatternDeviancyAversionD,SocialDeviancyAversionC|SocialDeviancyAversionD|SocialDeviancyAversionE|SocialDeviancyAversionA|SocialDeviancyAversionB,NeedClosure8|NeedClosure9|NeedClosure6|NeedClosure5|NeedClosure4|NeedClosure3|NeedClosure2|NeedClosure11|NeedClosure12|NeedClosure7|NeedClosure14|NeedClosure1|NeedClosure13|NeedClosure10|NeedClosure15
11/30/18 16:45,11/30/18 16:47,0,100,132,1,11/30/18 16:47,,,,,anonymous,EN,1,5,6,1,6,1,1,6,6,6,1,1,1,6,6,1,6,1,1,1,1,1,1,1,1,1,1,1,1,1,1,1,1,1,1,7,5,1,1,1,1,1,1,1,1,1,1,7,8,yes,4,1,3,37,3,2,,4,,"NeedforClosure(Roets,&VanHiel,2011)|Neuroticism(Rammstedt&John,2007)",FL_24|FL_10,PatternDeviancyAversionD|PatternDeviancyAversionC|PatternDeviancyAversionA|PatternDeviancyAversionE|PatternDeviancyAversionB,SocialDeviancyAversionC|SocialDeviancyAversionA|SocialDeviancyAversionE|SocialDeviancyAversionB|SocialDeviancyAversionD,NeedClosure4|NeedClosure12|NeedClosure5|NeedClosure2|NeedClosure7|NeedClosure15|NeedClosure1|NeedClosure10|NeedClosure14|NeedClosure9|NeedClosure13|NeedClosure8|NeedClosure6|NeedClosure3|NeedClosure11
11/30/18 16:48,11/30/18 16:49,0,100,65,1,11/30/18 16:49,,,,,anonymous,EN,4,4,2,6,3,6,5,6,6,3,2,3,1,3,4,5,6,2,5,3,6,7,3,4,6,6,4,6,6,2,5,3,6,5,5,6,4,5,7,5,5,5,6,4,7,3,6,6,8,yes,4,3,2,22,2,1,,2,,"NeedforClosure(Roets,&VanHiel,2011)|Neuroticism(Rammstedt&John,2007)",FL_10|FL_24,PatternDeviancyAversionD|PatternDeviancyAversionE|PatternDeviancyAversionB|PatternDeviancyAversionA|PatternDeviancyAversionC,SocialDeviancyAversionB|SocialDeviancyAversionA|SocialDeviancyAversionC|SocialDeviancyAversionD|SocialDeviancyAversionE,NeedClosure3|NeedClosure12|NeedClosure1|NeedClosure11|NeedClosure14|NeedClosure2|NeedClosure5|NeedClosure9|NeedClosure10|NeedClosure8|NeedClosure15|NeedClosure7|NeedClosure4|NeedClosure6|NeedClosure13
11/30/18 16:58,11/30/18 17:03,0,100,265,1,11/30/18 17:03,,,,,anonymous,EN,1,5,6,5,5,5,3,5,1,2,3,6,5,5,6,7,5,1,1,2,1,1,1,2,1,1,1,1,2,1,1,1,1,1,1,3,2,1,2,2,2,1,1,1,2,1,1,7,8,yes,5,2,1,36,1,1,,1,,"Neuroticism(Rammstedt&John,2007)|NeedforClosure(Roets,&VanHiel,2011)",FL_24|FL_10,PatternDeviancyAversionE|PatternDeviancyAversionB|PatternDeviancyAversionC|PatternDeviancyAversionD|PatternDeviancyAversionA,SocialDeviancyAversionE|SocialDeviancyAversionD|SocialDeviancyAversionB|SocialDeviancyAversionA|SocialDeviancyAversionC,NeedClosure11|NeedClosure10|NeedClosure2|NeedClosure15|NeedClosure13|NeedClosure1|NeedClosure9|NeedClosure3|NeedClosure12|NeedClosure14|NeedClosure7|NeedClosure8|NeedClosure6|NeedClosure4|NeedClosure5
11/30/18 16:56,11/30/18 17:03,0,100,421,1,11/30/18 17:03,,,,,anonymous,EN,3,2,4,4,5,3,3,4,5,3,2,3,4,5,5,7,4,1,1,1,2,2,2,2,2,2,2,2,3,2,2,2,1,1,1,4,4,2,5,4,3,2,2,2,3,3,3,7,8,yes,3,1,1,42,1,1,,1,,"Neuroticism(Rammstedt&John,2007)|NeedforClosure(Roets,&VanHiel,2011)",FL_24|FL_10,PatternDeviancyAversionB|PatternDeviancyAversionD|PatternDeviancyAversionE|PatternDeviancyAversionC|PatternDeviancyAversionA,SocialDeviancyAversionB|SocialDeviancyAversionD|SocialDeviancyAversionA|SocialDeviancyAversionE|SocialDeviancyAversionC,NeedClosure1|NeedClosure12|NeedClosure10|NeedClosure3|NeedClosure13|NeedClosure9|NeedClosure6|NeedClosure14|NeedClosure7|NeedClosure15|NeedClosure2|NeedClosure5|NeedClosure8|NeedClosure4|NeedClosure11
11/30/18 17:10,11/30/18 17:12,0,100,120,1,11/30/18 17:12,,,,,anonymous,EN,2,2,5,3,6,3,5,5,4,5,4,4,4,5,5,2,5,1,1,1,1,1,1,1,1,1,1,1,1,1,1,2,1,1,1,5,1,1,3,1,1,1,1,1,1,1,1,7,8,yes,4,3,6,34,5,2,,5,,"Neuroticism(Rammstedt&John,2007)|NeedforClosure(Roets,&VanHiel,2011)",FL_24|FL_10,PatternDeviancyAversionD|PatternDeviancyAversionC|PatternDeviancyAversionB|PatternDeviancyAversionE|PatternDeviancyAversionA,SocialDeviancyAversionD|SocialDeviancyAversionA|SocialDeviancyAversionC|SocialDeviancyAversionE|SocialDeviancyAversionB,NeedClosure7|NeedClosure12|NeedClosure1|NeedClosure6|NeedClosure3|NeedClosure14|NeedClosure15|NeedClosure11|NeedClosure4|NeedClosure10|NeedClosure8|NeedClosure5|NeedClosure9|NeedClosure2|NeedClosure13
11/30/18 17:08,11/30/18 17:14,0,100,341,1,11/30/18 17:14,,,,,anonymous,EN,4,5,6,5,6,6,5,5,4,4,5,6,5,5,6,6,6,7,6,7,7,6,7,6,7,5,7,6,7,7,6,7,5,7,6,6,6,7,5,6,7,7,6,7,7,6,6,7,8,yes ,5,3,9,26,9,2,,9,,"NeedforClosure(Roets,&VanHiel,2011)|Neuroticism(Rammstedt&John,2007)",FL_10|FL_24,PatternDeviancyAversionB|PatternDeviancyAversionC|PatternDeviancyAversionA|PatternDeviancyAversionE|PatternDeviancyAversionD,SocialDeviancyAversionD|SocialDeviancyAversionB|SocialDeviancyAversionE|SocialDeviancyAversionC|SocialDeviancyAversionA,NeedClosure4|NeedClosure6|NeedClosure3|NeedClosure5|NeedClosure15|NeedClosure2|NeedClosure1|NeedClosure8|NeedClosure14|NeedClosure9|NeedClosure7|NeedClosure13|NeedClosure11|NeedClosure12|NeedClosure10
11/30/18 17:13,11/30/18 17:15,0,100,116,1,11/30/18 17:15,,,,,anonymous,EN,2,5,5,3,5,5,4,5,5,5,4,4,4,5,5,4,5,1,1,1,4,1,4,1,1,2,1,1,1,1,1,5,1,1,1,7,3,1,7,2,3,6,5,1,5,2,1,7,8,yes,2,2,1,28,1,2,,1,,"NeedforClosure(Roets,&VanHiel,2011)|Neuroticism(Rammstedt&John,2007)",FL_24|FL_10,PatternDeviancyAversionC|PatternDeviancyAversionE|PatternDeviancyAversionA|PatternDeviancyAversionD|PatternDeviancyAversionB,SocialDeviancyAversionE|SocialDeviancyAversionD|SocialDeviancyAversionC|SocialDeviancyAversionA|SocialDeviancyAversionB,NeedClosure7|NeedClosure8|NeedClosure1|NeedClosure10|NeedClosure6|NeedClosure4|NeedClosure12|NeedClosure15|NeedClosure3|NeedClosure2|NeedClosure13|NeedClosure11|NeedClosure14|NeedClosure9|NeedClosure5
11/30/18 17:14,11/30/18 17:16,0,100,141,1,11/30/18 17:16,,,,,anonymous,EN,5,1,5,5,6,6,6,6,3,6,6,6,5,6,6,7,5,1,1,4,1,1,5,1,1,4,1,1,5,1,1,3,1,1,1,1,1,1,1,1,1,1,1,1,1,1,1,7,8,yes,2,2,5,36,4,1,,5,,"NeedforClosure(Roets,&VanHiel,2011)|Neuroticism(Rammstedt&John,2007)",FL_10|FL_24,PatternDeviancyAversionC|PatternDeviancyAversionA|PatternDeviancyAversionE|PatternDeviancyAversionD|PatternDeviancyAversionB,SocialDeviancyAversionD|SocialDeviancyAversionA|SocialDeviancyAversionC|SocialDeviancyAversionE|SocialDeviancyAversionB,NeedClosure14|NeedClosure15|NeedClosure7|NeedClosure11|NeedClosure4|NeedClosure12|NeedClosure1|NeedClosure10|NeedClosure6|NeedClosure3|NeedClosure2|NeedClosure8|NeedClosure9|NeedClosure5|NeedClosure13
11/30/18 17:13,11/30/18 17:17,0,100,242,1,11/30/18 17:17,,,,,anonymous,EN,3,5,5,5,3,6,6,4,5,5,6,5,5,4,5,5,5,7,4,7,6,6,5,3,3,3,6,6,5,6,6,5,5,7,6,6,5,6,5,7,5,5,6,5,6,5,6,6,8,yes ,5,3,7,27,7,2,,7,,"NeedforClosure(Roets,&VanHiel,2011)|Neuroticism(Rammstedt&John,2007)",FL_24|FL_10,PatternDeviancyAversionE|PatternDeviancyAversionA|PatternDeviancyAversionB|PatternDeviancyAversionD|PatternDeviancyAversionC,SocialDeviancyAversionA|SocialDeviancyAversionD|SocialDeviancyAversionC|SocialDeviancyAversionE|SocialDeviancyAversionB,NeedClosure14|NeedClosure3|NeedClosure9|NeedClosure4|NeedClosure6|NeedClosure5|NeedClosure8|NeedClosure15|NeedClosure11|NeedClosure10|NeedClosure7|NeedClosure12|NeedClosure13|NeedClosure2|NeedClosure1
11/30/18 17:14,11/30/18 17:17,0,100,195,1,11/30/18 17:17,,,,,anonymous,EN,4,2,5,5,4,4,4,5,5,3,2,5,5,4,4,7,5,2,3,6,3,2,2,5,5,6,4,5,6,2,2,5,4,2,2,6,5,6,5,3,6,5,3,4,4,4,3,6,8,yes,3,1,4,33,4,1,,4,,"NeedforClosure(Roets,&VanHiel,2011)|Neuroticism(Rammstedt&John,2007)",FL_24|FL_10,PatternDeviancyAversionC|PatternDeviancyAversionD|PatternDeviancyAversionA|PatternDeviancyAversionE|PatternDeviancyAversionB,SocialDeviancyAversionD|SocialDeviancyAversionC|SocialDeviancyAversionA|SocialDeviancyAversionB|SocialDeviancyAversionE,NeedClosure2|NeedClosure7|NeedClosure6|NeedClosure4|NeedClosure12|NeedClosure10|NeedClosure13|NeedClosure3|NeedClosure1|NeedClosure8|NeedClosure14|NeedClosure5|NeedClosure9|NeedClosure15|NeedClosure11
11/30/18 17:20,11/30/18 17:23,0,100,164,1,11/30/18 17:23,,,,,anonymous,EN,4,2,6,4,5,6,2,5,5,5,5,3,4,5,5,2,5,1,1,1,1,1,1,1,1,1,1,1,2,1,1,3,1,1,1,1,1,1,1,1,2,1,1,1,1,1,1,7,8,yes,6,2,8,35,8,1,,8,,"Neuroticism(Rammstedt&John,2007)|NeedforClosure(Roets,&VanHiel,2011)",FL_24|FL_10,PatternDeviancyAversionA|PatternDeviancyAversionC|PatternDeviancyAversionE|PatternDeviancyAversionB|PatternDeviancyAversionD,SocialDeviancyAversionB|SocialDeviancyAversionD|SocialDeviancyAversionE|SocialDeviancyAversionC|SocialDeviancyAversionA,NeedClosure7|NeedClosure4|NeedClosure14|NeedClosure9|NeedClosure15|NeedClosure12|NeedClosure1|NeedClosure6|NeedClosure11|NeedClosure13|NeedClosure5|NeedClosure8|NeedClosure10|NeedClosure2|NeedClosure3
11/30/18 17:23,11/30/18 17:25,0,100,149,1,11/30/18 17:25,,,,,anonymous,EN,5,1,4,4,5,3,3,3,4,4,4,4,5,4,4,5,4,1,1,1,1,1,1,1,1,1,3,2,3,2,2,2,1,1,1,4,4,4,2,2,2,3,3,3,5,5,6,7,8,yes,4,4,9,67,9,1,,9,,"NeedforClosure(Roets,&VanHiel,2011)|Neuroticism(Rammstedt&John,2007)",FL_24|FL_10,PatternDeviancyAversionC|PatternDeviancyAversionD|PatternDeviancyAversionB|PatternDeviancyAversionA|PatternDeviancyAversionE,SocialDeviancyAversionA|SocialDeviancyAversionC|SocialDeviancyAversionE|SocialDeviancyAversionB|SocialDeviancyAversionD,NeedClosure11|NeedClosure12|NeedClosure3|NeedClosure5|NeedClosure7|NeedClosure15|NeedClosure10|NeedClosure14|NeedClosure9|NeedClosure13|NeedClosure2|NeedClosure1|NeedClosure8|NeedClosure6|NeedClosure4
11/30/18 17:24,11/30/18 17:27,0,100,205,1,11/30/18 17:27,,,,,anonymous,EN,4,5,5,5,6,6,5,1,2,6,6,6,6,5,5,6,4,6,4,5,6,3,5,5,4,6,5,3,6,5,3,6,6,5,7,6,7,6,5,6,7,5,6,7,5,6,7,6,6,,5,3,8,26,8,2,,8,,"Neuroticism(Rammstedt&John,2007)|NeedforClosure(Roets,&VanHiel,2011)",FL_24|FL_10,PatternDeviancyAversionC|PatternDeviancyAversionD|PatternDeviancyAversionE|PatternDeviancyAversionB|PatternDeviancyAversionA,SocialDeviancyAversionB|SocialDeviancyAversionC|SocialDeviancyAversionE|SocialDeviancyAversionD|SocialDeviancyAversionA,NeedClosure3|NeedClosure5|NeedClosure9|NeedClosure7|NeedClosure11|NeedClosure15|NeedClosure10|NeedClosure1|NeedClosure14|NeedClosure2|NeedClosure4|NeedClosure12|NeedClosure6|NeedClosure8|NeedClosure13
11/30/18 17:24,11/30/18 17:28,0,100,241,1,11/30/18 17:28,,,,,anonymous,EN,4,3,4,4,4,5,4,5,4,4,4,4,4,4,4,2,5,1,1,2,1,1,1,1,1,2,3,2,5,2,1,4,1,1,1,2,1,1,4,2,2,3,1,3,4,1,1,7,8,yes,7,2,1,42,1,1,,1,,"NeedforClosure(Roets,&VanHiel,2011)|Neuroticism(Rammstedt&John,2007)",FL_24|FL_10,PatternDeviancyAversionE|PatternDeviancyAversionD|PatternDeviancyAversionB|PatternDeviancyAversionC|PatternDeviancyAversionA,SocialDeviancyAversionD|SocialDeviancyAversionC|SocialDeviancyAversionB|SocialDeviancyAversionA|SocialDeviancyAversionE,NeedClosure9|NeedClosure12|NeedClosure1|NeedClosure14|NeedClosure6|NeedClosure15|NeedClosure2|NeedClosure13|NeedClosure7|NeedClosure10|NeedClosure4|NeedClosure3|NeedClosure8|NeedClosure5|NeedClosure11
11/30/18 17:13,11/30/18 17:28,0,100,907,1,11/30/18 17:28,,,,,anonymous,EN,4,2,6,5,5,5,4,5,5,6,5,6,6,5,5,6,5,3,2,2,1,1,1,2,1,1,3,2,2,3,2,2,4,3,3,7,6,6,6,7,6,7,6,7,6,6,7,7,8,yes,2,2,9,31,9,1,,9,,"NeedforClosure(Roets,&VanHiel,2011)|Neuroticism(Rammstedt&John,2007)",FL_24|FL_10,PatternDeviancyAversionA|PatternDeviancyAversionD|PatternDeviancyAversionE|PatternDeviancyAversionC|PatternDeviancyAversionB,SocialDeviancyAversionB|SocialDeviancyAversionA|SocialDeviancyAversionC|SocialDeviancyAversionE|SocialDeviancyAversionD,NeedClosure13|NeedClosure1|NeedClosure12|NeedClosure2|NeedClosure5|NeedClosure4|NeedClosure14|NeedClosure6|NeedClosure8|NeedClosure9|NeedClosure11|NeedClosure15|NeedClosure10|NeedClosure7|NeedClosure3
11/30/18 17:27,11/30/18 17:30,0,100,197,1,11/30/18 17:30,,,,,anonymous,EN,1,5,5,4,4,4,3,5,4,5,4,2,4,4,4,2,4,2,2,6,1,1,7,1,1,7,1,1,7,1,1,7,1,1,1,3,2,2,1,1,1,5,2,2,1,1,1,7,8,yes,3,1,6,24,3,2,,4,,"NeedforClosure(Roets,&VanHiel,2011)|Neuroticism(Rammstedt&John,2007)",FL_24|FL_10,PatternDeviancyAversionA|PatternDeviancyAversionE|PatternDeviancyAversionB|PatternDeviancyAversionD|PatternDeviancyAversionC,SocialDeviancyAversionA|SocialDeviancyAversionD|SocialDeviancyAversionC|SocialDeviancyAversionE|SocialDeviancyAversionB,NeedClosure4|NeedClosure8|NeedClosure10|NeedClosure2|NeedClosure14|NeedClosure12|NeedClosure6|NeedClosure1|NeedClosure13|NeedClosure5|NeedClosure9|NeedClosure11|NeedClosure7|NeedClosure3|NeedClosure15
11/30/18 17:25,11/30/18 17:32,0,100,426,1,11/30/18 17:32,,,,,anonymous,EN,5,1,2,1,5,6,4,1,2,2,4,3,6,4,5,7,2,1,1,1,5,5,7,1,1,2,2,1,1,1,1,2,1,1,1,6,6,7,4,1,4,6,7,3,4,1,4,7,8,yes,5,2,3,,1,1,,1,,"NeedforClosure(Roets,&VanHiel,2011)|Neuroticism(Rammstedt&John,2007)",FL_24|FL_10,PatternDeviancyAversionD|PatternDeviancyAversionC|PatternDeviancyAversionE|PatternDeviancyAversionB|PatternDeviancyAversionA,SocialDeviancyAversionC|SocialDeviancyAversionB|SocialDeviancyAversionD|SocialDeviancyAversionE|SocialDeviancyAversionA,NeedClosure1|NeedClosure12|NeedClosure6|NeedClosure10|NeedClosure7|NeedClosure3|NeedClosure15|NeedClosure4|NeedClosure13|NeedClosure8|NeedClosure9|NeedClosure11|NeedClosure2|NeedClosure14|NeedClosure5
11/30/18 17:29,11/30/18 17:34,0,100,322,1,11/30/18 17:34,,,,,anonymous,EN,5,1,6,2,6,2,2,6,4,2,2,6,2,6,6,7,6,3,2,5,1,1,1,1,1,2,2,2,3,2,2,3,2,1,1,4,3,3,3,1,5,2,1,1,3,2,3,7,8,yes,2,2,5,49,5,1,,5,,"NeedforClosure(Roets,&VanHiel,2011)|Neuroticism(Rammstedt&John,2007)",FL_24|FL_10,PatternDeviancyAversionE|PatternDeviancyAversionD|PatternDeviancyAversionA|PatternDeviancyAversionB|PatternDeviancyAversionC,SocialDeviancyAversionE|SocialDeviancyAversionA|SocialDeviancyAversionB|SocialDeviancyAversionD|SocialDeviancyAversionC,NeedClosure6|NeedClosure1|NeedClosure9|NeedClosure13|NeedClosure5|NeedClosure10|NeedClosure11|NeedClosure7|NeedClosure2|NeedClosure12|NeedClosure15|NeedClosure8|NeedClosure4|NeedClosure3|NeedClosure14
11/30/18 17:38,11/30/18 17:42,0,100,205,1,11/30/18 17:42,,,,,anonymous,EN,4,2,5,5,4,5,4,5,6,4,4,4,5,4,4,7,4,1,1,4,1,1,4,1,1,4,4,4,5,1,1,6,1,1,1,3,4,3,5,2,3,5,1,5,2,3,2,7,8,yes,5,4,2,23,2,2,,2,,"NeedforClosure(Roets,&VanHiel,2011)|Neuroticism(Rammstedt&John,2007)",FL_24|FL_10,PatternDeviancyAversionD|PatternDeviancyAversionB|PatternDeviancyAversionE|PatternDeviancyAversionC|PatternDeviancyAversionA,SocialDeviancyAversionC|SocialDeviancyAversionD|SocialDeviancyAversionA|SocialDeviancyAversionE|SocialDeviancyAversionB,NeedClosure14|NeedClosure9|NeedClosure3|NeedClosure10|NeedClosure6|NeedClosure13|NeedClosure15|NeedClosure4|NeedClosure12|NeedClosure5|NeedClosure2|NeedClosure7|NeedClosure1|NeedClosure8|NeedClosure11
11/30/18 17:40,11/30/18 17:45,0,100,284,1,11/30/18 17:45,,,,,anonymous,EN,4,2,3,3,4,3,2,2,3,2,3,3,3,4,4,2,3,1,1,1,1,1,1,1,1,1,1,1,1,1,1,1,1,1,1,4,2,1,2,2,2,2,2,2,2,2,2,6,8,yes,3,2,4,46,4,1,,4,,"NeedforClosure(Roets,&VanHiel,2011)|Neuroticism(Rammstedt&John,2007)",FL_10|FL_24,PatternDeviancyAversionB|PatternDeviancyAversionC|PatternDeviancyAversionE|PatternDeviancyAversionA|PatternDeviancyAversionD,SocialDeviancyAversionE|SocialDeviancyAversionD|SocialDeviancyAversionC|SocialDeviancyAversionA|SocialDeviancyAversionB,NeedClosure14|NeedClosure7|NeedClosure10|NeedClosure6|NeedClosure5|NeedClosure4|NeedClosure9|NeedClosure8|NeedClosure13|NeedClosure2|NeedClosure11|NeedClosure3|NeedClosure15|NeedClosure1|NeedClosure12
11/30/18 17:37,11/30/18 17:48,0,100,657,1,11/30/18 17:48,,,,,anonymous,EN,3,3,3,3,4,3,3,3,3,4,4,4,5,3,3,2,3,3,2,3,2,2,2,2,2,2,3,3,3,4,5,2,3,3,2,7,6,7,3,2,3,3,3,3,2,1,1,7,8,yes,5,2,2,27,2,1,,2,,"NeedforClosure(Roets,&VanHiel,2011)|Neuroticism(Rammstedt&John,2007)",FL_10|FL_24,PatternDeviancyAversionD|PatternDeviancyAversionB|PatternDeviancyAversionC|PatternDeviancyAversionA|PatternDeviancyAversionE,SocialDeviancyAversionB|SocialDeviancyAversionA|SocialDeviancyAversionC|SocialDeviancyAversionD|SocialDeviancyAversionE,NeedClosure13|NeedClosure14|NeedClosure8|NeedClosure11|NeedClosure15|NeedClosure2|NeedClosure3|NeedClosure1|NeedClosure9|NeedClosure10|NeedClosure12|NeedClosure6|NeedClosure5|NeedClosure7|NeedClosure4
11/30/18 17:50,11/30/18 17:54,0,100,278,1,11/30/18 17:54,,,,,anonymous,EN,4,2,5,4,6,5,4,6,6,4,4,5,4,5,5,5,5,1,1,1,1,1,1,1,1,2,4,2,5,2,1,3,1,1,1,7,6,4,5,2,5,6,5,5,6,4,3,6,8,yes,7,3,7,36,2,1,,4,,"NeedforClosure(Roets,&VanHiel,2011)|Neuroticism(Rammstedt&John,2007)",FL_24|FL_10,PatternDeviancyAversionC|PatternDeviancyAversionA|PatternDeviancyAversionE|PatternDeviancyAversionB|PatternDeviancyAversionD,SocialDeviancyAversionE|SocialDeviancyAversionB|SocialDeviancyAversionA|SocialDeviancyAversionC|SocialDeviancyAversionD,NeedClosure12|NeedClosure1|NeedClosure7|NeedClosure11|NeedClosure9|NeedClosure4|NeedClosure5|NeedClosure10|NeedClosure6|NeedClosure13|NeedClosure8|NeedClosure14|NeedClosure3|NeedClosure2|NeedClosure15
11/30/18 17:53,11/30/18 17:57,0,100,224,1,11/30/18 17:57,,,,,anonymous,EN,5,1,3,3,3,2,2,3,4,5,3,3,4,3,3,1,3,2,2,4,1,1,4,1,1,4,1,1,1,1,1,4,1,1,1,1,1,1,1,1,1,1,1,1,1,1,1,7,8,yes,4,3,1,34,1,2,,1,,"NeedforClosure(Roets,&VanHiel,2011)|Neuroticism(Rammstedt&John,2007)",FL_24|FL_10,PatternDeviancyAversionC|PatternDeviancyAversionD|PatternDeviancyAversionB|PatternDeviancyAversionE|PatternDeviancyAversionA,SocialDeviancyAversionD|SocialDeviancyAversionB|SocialDeviancyAversionE|SocialDeviancyAversionC|SocialDeviancyAversionA,NeedClosure4|NeedClosure5|NeedClosure1|NeedClosure3|NeedClosure15|NeedClosure11|NeedClosure14|NeedClosure6|NeedClosure10|NeedClosure13|NeedClosure2|NeedClosure8|NeedClosure9|NeedClosure12|NeedClosure7
11/30/18 18:09,11/30/18 18:14,0,100,275,1,11/30/18 18:14,,,,,anonymous,EN,4,2,3,3,5,3,3,3,3,3,3,3,3,5,5,4,3,1,1,1,1,1,1,1,1,1,2,1,1,1,1,1,1,1,1,3,2,1,1,1,1,2,1,1,3,1,1,6,8,yes,5,3,8,56,8,2,,8,,"NeedforClosure(Roets,&VanHiel,2011)|Neuroticism(Rammstedt&John,2007)",FL_24|FL_10,PatternDeviancyAversionB|PatternDeviancyAversionD|PatternDeviancyAversionC|PatternDeviancyAversionA|PatternDeviancyAversionE,SocialDeviancyAversionA|SocialDeviancyAversionE|SocialDeviancyAversionC|SocialDeviancyAversionB|SocialDeviancyAversionD,NeedClosure1|NeedClosure13|NeedClosure9|NeedClosure7|NeedClosure4|NeedClosure3|NeedClosure5|NeedClosure11|NeedClosure12|NeedClosure6|NeedClosure10|NeedClosure2|NeedClosure8|NeedClosure14|NeedClosure15
11/30/18 18:20,11/30/18 18:26,0,100,354,1,11/30/18 18:26,,,,,anonymous,EN,2,4,6,6,6,5,3,6,5,5,6,6,5,6,5,7,5,1,1,6,2,2,6,1,1,5,5,4,7,1,2,5,2,1,1,5,4,1,3,1,2,4,3,1,3,2,1,7,8,yes,2,1,4,29,5,1,,4,,"Neuroticism(Rammstedt&John,2007)|NeedforClosure(Roets,&VanHiel,2011)",FL_10|FL_24,PatternDeviancyAversionE|PatternDeviancyAversionA|PatternDeviancyAversionD|PatternDeviancyAversionC|PatternDeviancyAversionB,SocialDeviancyAversionC|SocialDeviancyAversionB|SocialDeviancyAversionD|SocialDeviancyAversionA|SocialDeviancyAversionE,NeedClosure7|NeedClosure1|NeedClosure9|NeedClosure8|NeedClosure2|NeedClosure11|NeedClosure6|NeedClosure4|NeedClosure12|NeedClosure14|NeedClosure13|NeedClosure3|NeedClosure5|NeedClosure15|NeedClosure10
11/30/18 18:40,11/30/18 18:43,0,100,187,1,11/30/18 18:43,,,,,anonymous,EN,5,1,3,1,3,4,2,3,4,4,2,2,2,3,4,1,3,1,1,1,1,1,1,1,1,1,2,1,1,1,1,2,1,1,1,5,5,3,1,1,1,1,1,1,3,1,1,7,8,yes,5,2,3,28,2,1,,2,,"Neuroticism(Rammstedt&John,2007)|NeedforClosure(Roets,&VanHiel,2011)",FL_24|FL_10,PatternDeviancyAversionE|PatternDeviancyAversionB|PatternDeviancyAversionD|PatternDeviancyAversionA|PatternDeviancyAversionC,SocialDeviancyAversionB|SocialDeviancyAversionD|SocialDeviancyAversionE|SocialDeviancyAversionA|SocialDeviancyAversionC,NeedClosure14|NeedClosure13|NeedClosure8|NeedClosure15|NeedClosure1|NeedClosure4|NeedClosure7|NeedClosure12|NeedClosure11|NeedClosure10|NeedClosure2|NeedClosure5|NeedClosure9|NeedClosure6|NeedClosure3
11/30/18 18:42,11/30/18 18:50,0,100,496,1,11/30/18 18:50,,,,,anonymous,EN,4,2,5,4,5,5,4,5,4,4,3,4,4,5,5,2,5,1,1,1,1,1,1,1,1,1,2,2,2,2,2,2,1,1,1,2,2,2,3,3,3,4,4,4,5,5,5,7,8,yes,6,4,6,49,4,1,,5,,"Neuroticism(Rammstedt&John,2007)|NeedforClosure(Roets,&VanHiel,2011)",FL_24|FL_10,PatternDeviancyAversionD|PatternDeviancyAversionA|PatternDeviancyAversionE|PatternDeviancyAversionC|PatternDeviancyAversionB,SocialDeviancyAversionA|SocialDeviancyAversionE|SocialDeviancyAversionC|SocialDeviancyAversionB|SocialDeviancyAversionD,NeedClosure7|NeedClosure8|NeedClosure15|NeedClosure12|NeedClosure6|NeedClosure13|NeedClosure1|NeedClosure4|NeedClosure3|NeedClosure5|NeedClosure10|NeedClosure14|NeedClosure9|NeedClosure11|NeedClosure2
11/30/18 19:51,11/30/18 19:54,0,100,139,1,11/30/18 19:54,,,,,anonymous,EN,4,1,3,3,4,2,2,3,3,4,2,4,3,4,4,4,3,1,1,1,1,1,1,1,2,2,4,3,4,1,1,1,1,1,1,2,2,2,1,1,1,2,2,2,2,2,2,7,,,5,3,9,22,5,1,,8,,"NeedforClosure(Roets,&VanHiel,2011)|Neuroticism(Rammstedt&John,2007)",FL_10|FL_24,PatternDeviancyAversionD|PatternDeviancyAversionC|PatternDeviancyAversionB|PatternDeviancyAversionA|PatternDeviancyAversionE,SocialDeviancyAversionA|SocialDeviancyAversionC|SocialDeviancyAversionE|SocialDeviancyAversionB|SocialDeviancyAversionD,NeedClosure4|NeedClosure5|NeedClosure1|NeedClosure9|NeedClosure7|NeedClosure2|NeedClosure12|NeedClosure14|NeedClosure6|NeedClosure3|NeedClosure8|NeedClosure15|NeedClosure13|NeedClosure11|NeedClosure10